{
  "accuracy": 0.74,
  "precision": 0.2857142857142857,
  "recall": 0.2,
  "f1": 0.23529411764705882,
  "roc_auc": 0.4929,
  "log_loss": 0.6949142142401956,
  "brier_score": 0.2085476959263271,
  "positive_rate": 0.2
}